{"cameraMode":{"drawMode":0,"name":"Shaded","section":"Shading Mode"},"sceneLighting":true,"audioPlay":false,"sceneViewState":{"showFog":false,"showMaterialUpdate":false,"showSkybox":false,"showFlares":true,"showImageEffects":true,"showParticleSystems":true},"in2DMode":false,"pivot":{"x":-3.7709672451019289,"y":-2.1068763732910158,"z":-1.5579454898834229},"rotation":{"x":-0.07114239782094956,"y":0.9226417541503906,"z":-0.31789714097976687,"w":-0.2065155804157257},"size":22.0,"orthographic":false}