{"cameraMode":{"drawMode":0,"name":"Shaded","section":"Shading Mode"},"sceneLighting":true,"audioPlay":false,"sceneViewState":{"showFog":false,"showMaterialUpdate":false,"showSkybox":false,"showFlares":true,"showImageEffects":true,"showParticleSystems":true},"in2DMode":false,"pivot":{"x":-28.158649444580079,"y":-33.85063171386719,"z":21.16522216796875},"rotation":{"x":0.2948664128780365,"y":-0.2675659656524658,"z":0.08639843016862869,"w":0.9132577180862427},"size":184.79345703125,"orthographic":false}